"team","role","staff_name","nationality","source_url","source_as_of","verified_at","status"
"Mexico","Head coach","Javier Aguirre","Mexico","https://en.wikipedia.org/wiki/Mexico_national_football_team","22 July 2024","2026-06-18T03:57:13.930Z","secondary_source_requires_federation_confirmation"
"Mexico","Assistant coach","Rafael Márquez","Mexico","https://en.wikipedia.org/wiki/Mexico_national_football_team","22 July 2024","2026-06-18T03:57:13.931Z","secondary_source_requires_federation_confirmation"
"Mexico","Assistant coach","Toni Amor","Spain","https://en.wikipedia.org/wiki/Mexico_national_football_team","22 July 2024","2026-06-18T03:57:13.931Z","secondary_source_requires_federation_confirmation"
"Mexico","Goalkeeping coach","Joseba Ituarte","Spain","https://en.wikipedia.org/wiki/Mexico_national_football_team","22 July 2024","2026-06-18T03:57:13.931Z","secondary_source_requires_federation_confirmation"
"South Africa","Team Manager","Vincent Tseka","South Africa","https://en.wikipedia.org/wiki/South_Africa_national_soccer_team","","2026-06-18T03:57:15.309Z","secondary_source_requires_federation_confirmation"
"South Africa","Head coach","Hugo Broos","Belgium","https://en.wikipedia.org/wiki/South_Africa_national_soccer_team","","2026-06-18T03:57:15.309Z","secondary_source_requires_federation_confirmation"
"South Africa","Assistant Coach","Helman Mkhalele","South Africa","https://en.wikipedia.org/wiki/South_Africa_national_soccer_team","","2026-06-18T03:57:15.309Z","secondary_source_requires_federation_confirmation"
"South Africa","Goalkeeper Coach","Grant Johnson","South Africa","https://en.wikipedia.org/wiki/South_Africa_national_soccer_team","","2026-06-18T03:57:15.309Z","secondary_source_requires_federation_confirmation"
"South Africa","Team Organiser","David Molwantwa","South Africa","https://en.wikipedia.org/wiki/South_Africa_national_soccer_team","","2026-06-18T03:57:15.309Z","secondary_source_requires_federation_confirmation"
"South Korea","Head coach","Hong Myung-bo","South Korea","https://en.wikipedia.org/wiki/South_Korea_national_football_team","18 November 2025","2026-06-18T03:57:17.699Z","secondary_source_requires_federation_confirmation"
"South Korea","Coaches","Kim Jin-kyu","South Korea","https://en.wikipedia.org/wiki/South_Korea_national_football_team","18 November 2025","2026-06-18T03:57:17.699Z","secondary_source_requires_federation_confirmation"
"South Korea","Goalkeeping coach","Pedro Roma","Portugal","https://en.wikipedia.org/wiki/South_Korea_national_football_team","18 November 2025","2026-06-18T03:57:17.699Z","secondary_source_requires_federation_confirmation"
"Czechia","Assistant coach","Jan Rezek","Czech Republic","https://en.wikipedia.org/wiki/Czech_Republic_national_football_team","","2026-06-18T03:57:19.046Z","secondary_source_requires_federation_confirmation"
"Czechia","Goalkeeping coach","Matúš Kozáčik","Czech Republic","https://en.wikipedia.org/wiki/Czech_Republic_national_football_team","","2026-06-18T03:57:19.046Z","secondary_source_requires_federation_confirmation"
"Canada","Head coach","Jesse Marsch","United States","https://en.wikipedia.org/wiki/Canada_men%27s_national_soccer_team","May 29, 2024","2026-06-18T03:57:20.516Z","secondary_source_requires_federation_confirmation"
"Canada","Assistant Coach","Mauro Biello","Canada","https://en.wikipedia.org/wiki/Canada_men%27s_national_soccer_team","May 29, 2024","2026-06-18T03:57:20.516Z","secondary_source_requires_federation_confirmation"
"Canada","Assistant Coach","Ewan Sharp","Scotland","https://en.wikipedia.org/wiki/Canada_men%27s_national_soccer_team","May 29, 2024","2026-06-18T03:57:20.516Z","secondary_source_requires_federation_confirmation"
"Canada","Assistant Coach","Pierre Barrieu","France","https://en.wikipedia.org/wiki/Canada_men%27s_national_soccer_team","May 29, 2024","2026-06-18T03:57:20.516Z","secondary_source_requires_federation_confirmation"
"Canada","Player Development","Franz Schiemer","Austria","https://en.wikipedia.org/wiki/Canada_men%27s_national_soccer_team","May 29, 2024","2026-06-18T03:57:20.516Z","secondary_source_requires_federation_confirmation"
"Canada","Goalkeeper Coach","Paolo Ceccarelli","Canada","https://en.wikipedia.org/wiki/Canada_men%27s_national_soccer_team","May 29, 2024","2026-06-18T03:57:20.516Z","secondary_source_requires_federation_confirmation"
"Canada","Video and Data Analyst","Joe Hamilton","England","https://en.wikipedia.org/wiki/Canada_men%27s_national_soccer_team","May 29, 2024","2026-06-18T03:57:20.516Z","secondary_source_requires_federation_confirmation"
"Canada","Community Representative","Paul Stalteri","Canada","https://en.wikipedia.org/wiki/Canada_men%27s_national_soccer_team","May 29, 2024","2026-06-18T03:57:20.516Z","secondary_source_requires_federation_confirmation"
"Bosnia and Herzegovina","Head coach","Sergej Barbarez","Bosnia and Herzegovina","https://en.wikipedia.org/wiki/Bosnia_and_Herzegovina_national_football_team","match played 12 June 2026.","2026-06-18T03:57:22.419Z","secondary_source_requires_federation_confirmation"
"Bosnia and Herzegovina","Assistant coaches","Zlatan Bajramović","Bosnia and Herzegovina","https://en.wikipedia.org/wiki/Bosnia_and_Herzegovina_national_football_team","match played 12 June 2026.","2026-06-18T03:57:22.419Z","secondary_source_requires_federation_confirmation"
"Bosnia and Herzegovina","Goalkeeping coach","Kenan Hasagić","Bosnia and Herzegovina","https://en.wikipedia.org/wiki/Bosnia_and_Herzegovina_national_football_team","match played 12 June 2026.","2026-06-18T03:57:22.419Z","secondary_source_requires_federation_confirmation"
"Bosnia and Herzegovina","Video analysts","Rasmus Jansson","Finland","https://en.wikipedia.org/wiki/Bosnia_and_Herzegovina_national_football_team","match played 12 June 2026.","2026-06-18T03:57:22.419Z","secondary_source_requires_federation_confirmation"
"Bosnia and Herzegovina","Technical director","Emir Spahić","Bosnia and Herzegovina","https://en.wikipedia.org/wiki/Bosnia_and_Herzegovina_national_football_team","match played 12 June 2026.","2026-06-18T03:57:22.419Z","secondary_source_requires_federation_confirmation"
"Bosnia and Herzegovina","Team secretary","Darko Ljubojević","Bosnia and Herzegovina","https://en.wikipedia.org/wiki/Bosnia_and_Herzegovina_national_football_team","match played 12 June 2026.","2026-06-18T03:57:22.419Z","secondary_source_requires_federation_confirmation"
"Qatar","Head coach","Julen Lopetegui","Spain","https://en.wikipedia.org/wiki/Qatar_national_football_team","February 2023","2026-06-18T03:57:25.411Z","secondary_source_requires_federation_confirmation"
"Qatar","Assistant coach","Pablo Sanz","Spain","https://en.wikipedia.org/wiki/Qatar_national_football_team","February 2023","2026-06-18T03:57:25.411Z","secondary_source_requires_federation_confirmation"
"Qatar","Physiotherapist","Richie Partridge","Qatar","https://en.wikipedia.org/wiki/Qatar_national_football_team","February 2023","2026-06-18T03:57:25.411Z","secondary_source_requires_federation_confirmation"
"Switzerland","Head coach","Murat Yakin","Switzerland","https://en.wikipedia.org/wiki/Switzerland_national_football_team","6 June 2026","2026-06-18T03:57:27.844Z","secondary_source_requires_federation_confirmation"
"Switzerland","Assistant coach","Davide Callà","Switzerland","https://en.wikipedia.org/wiki/Switzerland_national_football_team","6 June 2026","2026-06-18T03:57:27.844Z","secondary_source_requires_federation_confirmation"
"Switzerland","Goalkeeping coach","Patrick Foletti","Switzerland","https://en.wikipedia.org/wiki/Switzerland_national_football_team","6 June 2026","2026-06-18T03:57:27.844Z","secondary_source_requires_federation_confirmation"
"Switzerland","Team coordinator","Diego Benaglio","Switzerland","https://en.wikipedia.org/wiki/Switzerland_national_football_team","6 June 2026","2026-06-18T03:57:27.844Z","secondary_source_requires_federation_confirmation"
"Scotland","Head Coach","[ 154 ]","","https://en.wikipedia.org/wiki/Scotland_national_football_team","13 August 2025","2026-06-18T03:58:01.737Z","secondary_source_requires_federation_confirmation"
"Scotland","Assistant Coach","[ 155 ]","","https://en.wikipedia.org/wiki/Scotland_national_football_team","13 August 2025","2026-06-18T03:58:01.737Z","secondary_source_requires_federation_confirmation"
"Scotland","Assistant Coach","[ 156 ]","","https://en.wikipedia.org/wiki/Scotland_national_football_team","13 August 2025","2026-06-18T03:58:01.737Z","secondary_source_requires_federation_confirmation"
"Scotland","Goalkeeping Coach","[ 152 ]","","https://en.wikipedia.org/wiki/Scotland_national_football_team","13 August 2025","2026-06-18T03:58:01.737Z","secondary_source_requires_federation_confirmation"
"Scotland","Set Piece Coach","[ 156 ]","","https://en.wikipedia.org/wiki/Scotland_national_football_team","13 August 2025","2026-06-18T03:58:01.737Z","secondary_source_requires_federation_confirmation"
"Paraguay","Head coach","Gustavo Alfaro","Argentina","https://en.wikipedia.org/wiki/Paraguay_national_football_team","","2026-06-18T03:58:06.060Z","secondary_source_requires_federation_confirmation"
"Paraguay","Assistant coach","Carlos Gonzalez","Argentina","https://en.wikipedia.org/wiki/Paraguay_national_football_team","","2026-06-18T03:58:06.060Z","secondary_source_requires_federation_confirmation"
"Paraguay","Assistant coach","Claudio Cristofanelli","Argentina","https://en.wikipedia.org/wiki/Paraguay_national_football_team","","2026-06-18T03:58:06.060Z","secondary_source_requires_federation_confirmation"
"Paraguay","Fitness coach","Sergio Omar","Argentina","https://en.wikipedia.org/wiki/Paraguay_national_football_team","","2026-06-18T03:58:06.060Z","secondary_source_requires_federation_confirmation"
"Paraguay","Fitness coach","Pedro Ignacio","Argentina","https://en.wikipedia.org/wiki/Paraguay_national_football_team","","2026-06-18T03:58:06.060Z","secondary_source_requires_federation_confirmation"
"Paraguay","Video analyst","Alejandro Juan","Argentina","https://en.wikipedia.org/wiki/Paraguay_national_football_team","","2026-06-18T03:58:06.060Z","secondary_source_requires_federation_confirmation"
"Paraguay","Goalkeeping coach","Diego Carranza","Argentina","https://en.wikipedia.org/wiki/Paraguay_national_football_team","","2026-06-18T03:58:06.060Z","secondary_source_requires_federation_confirmation"
"Paraguay","First-team Doctor","Justo Tapia","Paraguay","https://en.wikipedia.org/wiki/Paraguay_national_football_team","","2026-06-18T03:58:06.060Z","secondary_source_requires_federation_confirmation"
"Paraguay","Physiotherapist","Luis Canteros","Paraguay","https://en.wikipedia.org/wiki/Paraguay_national_football_team","","2026-06-18T03:58:06.060Z","secondary_source_requires_federation_confirmation"
"Paraguay","Academy manager","Elvio Paolorosso","Argentina","https://en.wikipedia.org/wiki/Paraguay_national_football_team","","2026-06-18T03:58:06.060Z","secondary_source_requires_federation_confirmation"
"Australia","Role","Name","","https://en.wikipedia.org/wiki/Australia_men%27s_national_soccer_team","January 2026","2026-06-18T03:58:07.375Z","secondary_source_requires_federation_confirmation"
"Australia","Head coach","Tony Popovic","Australia","https://en.wikipedia.org/wiki/Australia_men%27s_national_soccer_team","January 2026","2026-06-18T03:58:07.375Z","secondary_source_requires_federation_confirmation"
"Australia","Assistant coaches","Mile Jedinak","Australia","https://en.wikipedia.org/wiki/Australia_men%27s_national_soccer_team","January 2026","2026-06-18T03:58:07.375Z","secondary_source_requires_federation_confirmation"
"Australia","Goalkeeping coach","Frank Juric","Australia","https://en.wikipedia.org/wiki/Australia_men%27s_national_soccer_team","January 2026","2026-06-18T03:58:07.375Z","secondary_source_requires_federation_confirmation"
"Türkiye","Head coach","Vincenzo Montella","Italy","https://en.wikipedia.org/wiki/Turkey_national_football_team","1 August 2025","2026-06-18T03:58:08.739Z","secondary_source_requires_federation_confirmation"
"Türkiye","Assistant coach(es)","Daniele Russo","Italy","https://en.wikipedia.org/wiki/Turkey_national_football_team","1 August 2025","2026-06-18T03:58:08.739Z","secondary_source_requires_federation_confirmation"
"Türkiye","Goalkeeping coach(es)","Ozan Özerkan","Turkey","https://en.wikipedia.org/wiki/Turkey_national_football_team","1 August 2025","2026-06-18T03:58:08.739Z","secondary_source_requires_federation_confirmation"
"Türkiye","Fitness coach(es)","Pierpaolo Polino","Italy","https://en.wikipedia.org/wiki/Turkey_national_football_team","1 August 2025","2026-06-18T03:58:08.739Z","secondary_source_requires_federation_confirmation"
"Türkiye","Match analyst(s)","Massimo Crivellaro","Italy","https://en.wikipedia.org/wiki/Turkey_national_football_team","1 August 2025","2026-06-18T03:58:08.739Z","secondary_source_requires_federation_confirmation"
"Türkiye","Team manager","Ceyhun Kazanci","Turkey","https://en.wikipedia.org/wiki/Turkey_national_football_team","1 August 2025","2026-06-18T03:58:08.739Z","secondary_source_requires_federation_confirmation"
"Curaçao","Head coach","Dick Advocaat","Netherlands","https://en.wikipedia.org/wiki/Cura%C3%A7ao_national_football_team","","2026-06-18T03:58:11.491Z","secondary_source_requires_federation_confirmation"
"Curaçao","Assistant coach","Cor Pot","Netherlands","https://en.wikipedia.org/wiki/Cura%C3%A7ao_national_football_team","","2026-06-18T03:58:11.491Z","secondary_source_requires_federation_confirmation"
"Curaçao","Assistant coach","Giovanni Franken","Curaçao","https://en.wikipedia.org/wiki/Cura%C3%A7ao_national_football_team","","2026-06-18T03:58:11.491Z","secondary_source_requires_federation_confirmation"
"Curaçao","Assistant coach","Dean Gorré","Suriname","https://en.wikipedia.org/wiki/Cura%C3%A7ao_national_football_team","","2026-06-18T03:58:11.491Z","secondary_source_requires_federation_confirmation"
"Curaçao","Performance coach","Angelo Cijntje","Curaçao","https://en.wikipedia.org/wiki/Cura%C3%A7ao_national_football_team","","2026-06-18T03:58:11.491Z","secondary_source_requires_federation_confirmation"
"Ecuador","Head coach","Sebastián Beccacece","Argentina","https://en.wikipedia.org/wiki/Ecuador_national_football_team","","2026-06-18T03:58:12.532Z","secondary_source_requires_federation_confirmation"
"Ecuador","Assistant coach","Guillermo Marino","Argentina","https://en.wikipedia.org/wiki/Ecuador_national_football_team","","2026-06-18T03:58:12.533Z","secondary_source_requires_federation_confirmation"
"Ecuador","Goalkeeper coach","Gustavo Campagnuolo","Argentina","https://en.wikipedia.org/wiki/Ecuador_national_football_team","","2026-06-18T03:58:12.533Z","secondary_source_requires_federation_confirmation"
"Ivory Coast","Head coach","Emerse Faé","Ivory Coast","https://en.wikipedia.org/wiki/Ivory_Coast_national_football_team","","2026-06-18T03:58:13.925Z","secondary_source_requires_federation_confirmation"
"Ivory Coast","Assistant coaches","Alain Gouaméné","Ivory Coast","https://en.wikipedia.org/wiki/Ivory_Coast_national_football_team","","2026-06-18T03:58:13.925Z","secondary_source_requires_federation_confirmation"
"Ivory Coast","Goalkeeping coach","Gérard Gnanhouan","Ivory Coast","https://en.wikipedia.org/wiki/Ivory_Coast_national_football_team","","2026-06-18T03:58:13.925Z","secondary_source_requires_federation_confirmation"
"Ivory Coast","Technical director","Boubacar Barry","Ivory Coast","https://en.wikipedia.org/wiki/Ivory_Coast_national_football_team","","2026-06-18T03:58:13.925Z","secondary_source_requires_federation_confirmation"
"Ivory Coast","Head of delegation","Didier Zokora","Ivory Coast","https://en.wikipedia.org/wiki/Ivory_Coast_national_football_team","","2026-06-18T03:58:13.925Z","secondary_source_requires_federation_confirmation"
"Belgium","Head coach","Rudi Garcia","France","https://en.wikipedia.org/wiki/Belgium_national_football_team","January 2025","2026-06-18T03:59:01.421Z","secondary_source_requires_federation_confirmation"
"Belgium","Assistant coaches","Stéphane Jobard","France","https://en.wikipedia.org/wiki/Belgium_national_football_team","January 2025","2026-06-18T03:59:01.421Z","secondary_source_requires_federation_confirmation"
"Egypt","Role","Name","","https://en.wikipedia.org/wiki/Egypt_national_football_team","","2026-06-18T03:59:02.404Z","secondary_source_requires_federation_confirmation"
"Egypt","Head coach","Hossam Hassan","Egypt","https://en.wikipedia.org/wiki/Egypt_national_football_team","","2026-06-18T03:59:02.404Z","secondary_source_requires_federation_confirmation"
"Egypt","Assistant coach","Mohamed Abdel Wahed","Egypt","https://en.wikipedia.org/wiki/Egypt_national_football_team","","2026-06-18T03:59:02.404Z","secondary_source_requires_federation_confirmation"
"Egypt","Technical director","Alaa Nabil","Egypt","https://en.wikipedia.org/wiki/Egypt_national_football_team","","2026-06-18T03:59:02.404Z","secondary_source_requires_federation_confirmation"
"Egypt","Director of the team","Ibrahim Hassan","Egypt","https://en.wikipedia.org/wiki/Egypt_national_football_team","","2026-06-18T03:59:02.404Z","secondary_source_requires_federation_confirmation"
"Egypt","General coach","Tarek Soliman","Egypt","https://en.wikipedia.org/wiki/Egypt_national_football_team","","2026-06-18T03:59:02.404Z","secondary_source_requires_federation_confirmation"
"Egypt","Goalkeeper coach","Saafan El-Sagheer","Egypt","https://en.wikipedia.org/wiki/Egypt_national_football_team","","2026-06-18T03:59:02.404Z","secondary_source_requires_federation_confirmation"
"Egypt","Performance analyst","Mahmoud Seleem","Egypt","https://en.wikipedia.org/wiki/Egypt_national_football_team","","2026-06-18T03:59:02.404Z","secondary_source_requires_federation_confirmation"
"Iran","Head Coach","Amir Ghalenoei","Iran","https://en.wikipedia.org/wiki/Iran_national_football_team","","2026-06-18T03:59:03.561Z","secondary_source_requires_federation_confirmation"
"Iran","Assistant Coach(es)","Rahman Rezaei","Iran","https://en.wikipedia.org/wiki/Iran_national_football_team","","2026-06-18T03:59:03.561Z","secondary_source_requires_federation_confirmation"
"Iran","Goalkeeping Coach","Alin Dincă","Romania","https://en.wikipedia.org/wiki/Iran_national_football_team","","2026-06-18T03:59:03.561Z","secondary_source_requires_federation_confirmation"
"Iran","Fitness Coach","Ali Asghar Ghorbanalipour","Iran","https://en.wikipedia.org/wiki/Iran_national_football_team","","2026-06-18T03:59:03.561Z","secondary_source_requires_federation_confirmation"
"Iran","Physiotherapist","Alireza Shahab","Iran","https://en.wikipedia.org/wiki/Iran_national_football_team","","2026-06-18T03:59:03.561Z","secondary_source_requires_federation_confirmation"
"Iran","Team Doctor","Parhan Khanlari","Iran","https://en.wikipedia.org/wiki/Iran_national_football_team","","2026-06-18T03:59:03.561Z","secondary_source_requires_federation_confirmation"
"Iran","Masseurs","Amir Esmaeili","Iran","https://en.wikipedia.org/wiki/Iran_national_football_team","","2026-06-18T03:59:03.561Z","secondary_source_requires_federation_confirmation"
"Iran","Team Supervisor","Mehdi Kharati","Iran","https://en.wikipedia.org/wiki/Iran_national_football_team","","2026-06-18T03:59:03.561Z","secondary_source_requires_federation_confirmation"
"Iran","Team Management","Mahdi Mohammadnabi","Iran","https://en.wikipedia.org/wiki/Iran_national_football_team","","2026-06-18T03:59:03.561Z","secondary_source_requires_federation_confirmation"
"Spain","Role","Name","","https://en.wikipedia.org/wiki/Spain_national_football_team","","2026-06-18T03:59:05.313Z","secondary_source_requires_federation_confirmation"
"Spain","Head coach","Luis de la Fuente","Spain","https://en.wikipedia.org/wiki/Spain_national_football_team","","2026-06-18T03:59:05.313Z","secondary_source_requires_federation_confirmation"
"Spain","Assistant coach","Juanjo González","Spain","https://en.wikipedia.org/wiki/Spain_national_football_team","","2026-06-18T03:59:05.313Z","secondary_source_requires_federation_confirmation"
"Saudi Arabia","Head coach","Georgios Donis","Greece","https://en.wikipedia.org/wiki/Saudi_Arabia_national_football_team","","2026-06-18T03:59:07.473Z","secondary_source_requires_federation_confirmation"
"Saudi Arabia","Technical coach","Osama Hawsawi","Saudi Arabia","https://en.wikipedia.org/wiki/Saudi_Arabia_national_football_team","","2026-06-18T03:59:07.473Z","secondary_source_requires_federation_confirmation"
"Saudi Arabia","Technical director","Nasser Larguet","Morocco","https://en.wikipedia.org/wiki/Saudi_Arabia_national_football_team","","2026-06-18T03:59:07.473Z","secondary_source_requires_federation_confirmation"
"France","Head coach","Didier Deschamps","France","https://en.wikipedia.org/wiki/France_national_football_team","March 2024","2026-06-18T03:59:10.574Z","secondary_source_requires_federation_confirmation"
"France","Assistant coach","Guy Stéphan","France","https://en.wikipedia.org/wiki/France_national_football_team","March 2024","2026-06-18T03:59:10.574Z","secondary_source_requires_federation_confirmation"
"Austria","Head coach","Ralf Rangnick","Germany","https://en.wikipedia.org/wiki/Austria_national_football_team","April 2024","2026-06-18T04:00:01.637Z","secondary_source_requires_federation_confirmation"
"Austria","Assistant coaches","Onur Cinel","Germany","https://en.wikipedia.org/wiki/Austria_national_football_team","April 2024","2026-06-18T04:00:01.637Z","secondary_source_requires_federation_confirmation"
"Austria","Goalkeeping coach","Michael Gspurning","Austria","https://en.wikipedia.org/wiki/Austria_national_football_team","April 2024","2026-06-18T04:00:01.637Z","secondary_source_requires_federation_confirmation"
"Portugal","Head coach","Roberto Martínez","Spain","https://en.wikipedia.org/wiki/Portugal_national_football_team","","2026-06-18T04:00:03.936Z","secondary_source_requires_federation_confirmation"
"Portugal","Assistant coaches","Ricardo Carvalho","Scotland","https://en.wikipedia.org/wiki/Portugal_national_football_team","","2026-06-18T04:00:03.936Z","secondary_source_requires_federation_confirmation"
"Portugal","Performance manager","Richard Evans","Wales","https://en.wikipedia.org/wiki/Portugal_national_football_team","","2026-06-18T04:00:03.936Z","secondary_source_requires_federation_confirmation"
"Portugal","Technical director","José Guilherme","Portugal","https://en.wikipedia.org/wiki/Portugal_national_football_team","","2026-06-18T04:00:03.936Z","secondary_source_requires_federation_confirmation"
"Portugal","Academy manager","Joaquim Milheiro","Portugal","https://en.wikipedia.org/wiki/Portugal_national_football_team","","2026-06-18T04:00:03.936Z","secondary_source_requires_federation_confirmation"
"Uzbekistan","Head coach","Fabio Cannavaro","Italy","https://en.wikipedia.org/wiki/Uzbekistan_national_football_team","8 June 2026","2026-06-18T04:00:06.382Z","secondary_source_requires_federation_confirmation"
"Uzbekistan","Assistant coaches","Paolo Cannavaro","Italy","https://en.wikipedia.org/wiki/Uzbekistan_national_football_team","8 June 2026","2026-06-18T04:00:06.382Z","secondary_source_requires_federation_confirmation"
"Uzbekistan","Goalkeeper coach","Antonio Chimenti","Italy","https://en.wikipedia.org/wiki/Uzbekistan_national_football_team","8 June 2026","2026-06-18T04:00:06.382Z","secondary_source_requires_federation_confirmation"
"Colombia","Head coach","Néstor Lorenzo","Argentina","https://en.wikipedia.org/wiki/Colombia_national_football_team","","2026-06-18T04:00:07.618Z","secondary_source_requires_federation_confirmation"
"Colombia","Assistant coaches","Luis Amaranto Perea","Argentina","https://en.wikipedia.org/wiki/Colombia_national_football_team","","2026-06-18T04:00:07.618Z","secondary_source_requires_federation_confirmation"
"Colombia","Goalkeeping coach","Alejandro Otamendi","Argentina","https://en.wikipedia.org/wiki/Colombia_national_football_team","","2026-06-18T04:00:07.618Z","secondary_source_requires_federation_confirmation"
"Colombia","Fitness coaches","Leandro Clocchiatti","Argentina","https://en.wikipedia.org/wiki/Colombia_national_football_team","","2026-06-18T04:00:07.618Z","secondary_source_requires_federation_confirmation"
"Colombia","Physicians","Mauricio Serrato","Colombia","https://en.wikipedia.org/wiki/Colombia_national_football_team","","2026-06-18T04:00:07.618Z","secondary_source_requires_federation_confirmation"
"Colombia","Physiotherapist","Salomón Vizcarra","Colombia","https://en.wikipedia.org/wiki/Colombia_national_football_team","","2026-06-18T04:00:07.618Z","secondary_source_requires_federation_confirmation"
"Colombia","Match analyst","Francis García Talavera","Colombia","https://en.wikipedia.org/wiki/Colombia_national_football_team","","2026-06-18T04:00:07.618Z","secondary_source_requires_federation_confirmation"
"Colombia","Media consultant","Pablo Vásquez Peñaranda","Colombia","https://en.wikipedia.org/wiki/Colombia_national_football_team","","2026-06-18T04:00:07.618Z","secondary_source_requires_federation_confirmation"
"England","Manager","Thomas Tuchel","Germany","https://en.wikipedia.org/wiki/England_national_football_team","26 February 2025","2026-06-18T04:00:08.681Z","secondary_source_requires_federation_confirmation"
"England","Assistant manager","Anthony Barry","England","https://en.wikipedia.org/wiki/England_national_football_team","26 February 2025","2026-06-18T04:00:08.681Z","secondary_source_requires_federation_confirmation"
"England","Goalkeeping coach","Henrique Hilário","Portugal","https://en.wikipedia.org/wiki/England_national_football_team","26 February 2025","2026-06-18T04:00:08.681Z","secondary_source_requires_federation_confirmation"
"England","Coach","Justin Cochrane","Antigua and Barbuda","https://en.wikipedia.org/wiki/England_national_football_team","26 February 2025","2026-06-18T04:00:08.681Z","secondary_source_requires_federation_confirmation"
"Panama","Head coach","Thomas Christiansen","Spain","https://en.wikipedia.org/wiki/Panama_national_football_team","","2026-06-18T04:00:12.643Z","secondary_source_requires_federation_confirmation"
"Panama","Assistant coach","Francisco Javier Sánchez Jara","Spain","https://en.wikipedia.org/wiki/Panama_national_football_team","","2026-06-18T04:00:12.643Z","secondary_source_requires_federation_confirmation"
"Panama","Assistant coach","Jorge Dely Valdés","Panama","https://en.wikipedia.org/wiki/Panama_national_football_team","","2026-06-18T04:00:12.643Z","secondary_source_requires_federation_confirmation"
"Panama","Goalkeeping coach","Donaldo González","Panama","https://en.wikipedia.org/wiki/Panama_national_football_team","","2026-06-18T04:00:12.643Z","secondary_source_requires_federation_confirmation"
"Brazil","Head coach","Carlo Ancelotti","Italy","https://en.wikipedia.org/wiki/Brazil_national_football_team","","2026-06-18T04:37:53.020Z","secondary_source_requires_federation_confirmation"
"Brazil","Assistant coaches","Paul Clement","England","https://en.wikipedia.org/wiki/Brazil_national_football_team","","2026-06-18T04:37:53.023Z","secondary_source_requires_federation_confirmation"
"Brazil","Luigi Vito Lasala","[ 133 ]","","https://en.wikipedia.org/wiki/Brazil_national_football_team","","2026-06-18T04:37:53.024Z","secondary_source_requires_federation_confirmation"
"Brazil","Goalkeeping coaches","Cláudio Taffarel","Brazil","https://en.wikipedia.org/wiki/Brazil_national_football_team","","2026-06-18T04:37:53.024Z","secondary_source_requires_federation_confirmation"
"Brazil","Marco Antônio Trocourt","[ 134 ]","","https://en.wikipedia.org/wiki/Brazil_national_football_team","","2026-06-18T04:37:53.024Z","secondary_source_requires_federation_confirmation"
"Brazil","Thomaz Koerich","[ 134 ]","","https://en.wikipedia.org/wiki/Brazil_national_football_team","","2026-06-18T04:37:53.024Z","secondary_source_requires_federation_confirmation"
"Brazil","Andréia Picanço","[ 136 ]","","https://en.wikipedia.org/wiki/Brazil_national_football_team","","2026-06-18T04:37:53.024Z","secondary_source_requires_federation_confirmation"
"Brazil","Team coordinator","Juan","Brazil","https://en.wikipedia.org/wiki/Brazil_national_football_team","","2026-06-18T04:37:53.024Z","secondary_source_requires_federation_confirmation"
"Brazil","Sporting director","Rodrigo Caetano","Brazil","https://en.wikipedia.org/wiki/Brazil_national_football_team","","2026-06-18T04:37:53.024Z","secondary_source_requires_federation_confirmation"
"Morocco","Head coach","[ 82 ]","Morocco","https://en.wikipedia.org/wiki/Morocco_national_football_team","5 March 2026","2026-06-18T04:37:54.963Z","secondary_source_requires_federation_confirmation"
"Morocco","Assistant coach(es)","[ 82 ]","Portugal","https://en.wikipedia.org/wiki/Morocco_national_football_team","5 March 2026","2026-06-18T04:37:54.963Z","secondary_source_requires_federation_confirmation"
"Haiti","Name","Position","","https://en.wikipedia.org/wiki/Haiti_national_football_team","","2026-06-18T04:37:56.552Z","secondary_source_requires_federation_confirmation"
"Haiti","Sébastien Migné","Head coach","","https://en.wikipedia.org/wiki/Haiti_national_football_team","","2026-06-18T04:37:56.552Z","secondary_source_requires_federation_confirmation"
"Haiti","Gavin Jean-Marie","Assistant coach","","https://en.wikipedia.org/wiki/Haiti_national_football_team","","2026-06-18T04:37:56.552Z","secondary_source_requires_federation_confirmation"
"Haiti","Frantz Joséphine","Assistant coach","","https://en.wikipedia.org/wiki/Haiti_national_football_team","","2026-06-18T04:37:56.552Z","secondary_source_requires_federation_confirmation"
"Haiti","Ismaël Saint-Lucien","Fitness coach","","https://en.wikipedia.org/wiki/Haiti_national_football_team","","2026-06-18T04:37:56.552Z","secondary_source_requires_federation_confirmation"
"Haiti","Vincentin Beaudiere","Goalkeeping coach","","https://en.wikipedia.org/wiki/Haiti_national_football_team","","2026-06-18T04:37:56.552Z","secondary_source_requires_federation_confirmation"
"Haiti","Mickaël Flavien","Match analyst","","https://en.wikipedia.org/wiki/Haiti_national_football_team","","2026-06-18T04:37:56.552Z","secondary_source_requires_federation_confirmation"
"Haiti","Joris Renaissance Paulin Marchette","Doctors","","https://en.wikipedia.org/wiki/Haiti_national_football_team","","2026-06-18T04:37:56.552Z","secondary_source_requires_federation_confirmation"
"Haiti","Christophe Maxime Erasme Papillon Léandre Aïeux André Duplexe","Physiotherapists","","https://en.wikipedia.org/wiki/Haiti_national_football_team","","2026-06-18T04:37:56.552Z","secondary_source_requires_federation_confirmation"
"Haiti","Loris Benoît","Team coordinator","","https://en.wikipedia.org/wiki/Haiti_national_football_team","","2026-06-18T04:37:56.552Z","secondary_source_requires_federation_confirmation"
"Haiti","Géraldin Biscuit","Technical director","","https://en.wikipedia.org/wiki/Haiti_national_football_team","","2026-06-18T04:37:56.552Z","secondary_source_requires_federation_confirmation"
"Germany","Head coach","Julian Nagelsmann","Germany","https://en.wikipedia.org/wiki/Germany_national_football_team","August 2025","2026-06-18T04:38:00.681Z","secondary_source_requires_federation_confirmation"
"Germany","Sporting director","Rudi Völler","Germany","https://en.wikipedia.org/wiki/Germany_national_football_team","August 2025","2026-06-18T04:38:00.681Z","secondary_source_requires_federation_confirmation"
"Netherlands","Head coach","Ronald Koeman","Netherlands","https://en.wikipedia.org/wiki/Netherlands_national_football_team","","2026-06-18T04:38:02.530Z","secondary_source_requires_federation_confirmation"
"Netherlands","Assistant coaches","Ruud van Nistelrooy","Netherlands","https://en.wikipedia.org/wiki/Netherlands_national_football_team","","2026-06-18T04:38:02.530Z","secondary_source_requires_federation_confirmation"
"Netherlands","Goalkeeping coach","Patrick Lodewijks","Netherlands","https://en.wikipedia.org/wiki/Netherlands_national_football_team","","2026-06-18T04:38:02.530Z","secondary_source_requires_federation_confirmation"
"Japan","Role","Name","","https://en.wikipedia.org/wiki/Japan_national_football_team","16 April 2026","2026-06-18T04:38:04.247Z","secondary_source_requires_federation_confirmation"
"Japan","Manager","Hajime Moriyasu","Japan","https://en.wikipedia.org/wiki/Japan_national_football_team","16 April 2026","2026-06-18T04:38:04.247Z","secondary_source_requires_federation_confirmation"
"Japan","Assistant coaches","Shunsuke Nakamura","Japan","https://en.wikipedia.org/wiki/Japan_national_football_team","16 April 2026","2026-06-18T04:38:04.247Z","secondary_source_requires_federation_confirmation"
"Japan","Goalkeeping coach","Takashi Shimoda","Japan","https://en.wikipedia.org/wiki/Japan_national_football_team","16 April 2026","2026-06-18T04:38:04.247Z","secondary_source_requires_federation_confirmation"
"Tunisia","Head coach","Hervé Renard","France","https://en.wikipedia.org/wiki/Tunisia_national_football_team","","2026-06-18T04:38:06.609Z","secondary_source_requires_federation_confirmation"
"Tunisia","Assistant coach","Wahbi Khazri","Tunisia","https://en.wikipedia.org/wiki/Tunisia_national_football_team","","2026-06-18T04:38:06.609Z","secondary_source_requires_federation_confirmation"
"Tunisia","Analyst","Nicolas Baudoin","France","https://en.wikipedia.org/wiki/Tunisia_national_football_team","","2026-06-18T04:38:06.609Z","secondary_source_requires_federation_confirmation"
"Uruguay","Head coach","Marcelo Bielsa","Argentina","https://en.wikipedia.org/wiki/Uruguay_national_football_team","13 October 2025","2026-06-18T04:38:11.452Z","secondary_source_requires_federation_confirmation"
"Senegal","Head Coach","Pape Thiaw","Senegal","https://en.wikipedia.org/wiki/Senegal_national_football_team","","2026-06-18T04:38:14.737Z","secondary_source_requires_federation_confirmation"
"Norway","Head coach","Ståle Solbakken","Norway","https://en.wikipedia.org/wiki/Norway_national_football_team","8 June 2026","2026-06-18T04:38:17.127Z","secondary_source_requires_federation_confirmation"
"Norway","Assistant coach","Kent Bergersen","Norway","https://en.wikipedia.org/wiki/Norway_national_football_team","8 June 2026","2026-06-18T04:38:17.127Z","secondary_source_requires_federation_confirmation"
"Norway","Sports coordinator","Brede Hangeland","Norway","https://en.wikipedia.org/wiki/Norway_national_football_team","8 June 2026","2026-06-18T04:38:17.127Z","secondary_source_requires_federation_confirmation"
"Iraq","Head Coach","Graham Arnold","Australia","https://en.wikipedia.org/wiki/Iraq_national_football_team","9 May 2025","2026-06-18T04:38:20.008Z","secondary_source_requires_federation_confirmation"
"Iraq","Assistant Coach","Robert Stanton","Netherlands","https://en.wikipedia.org/wiki/Iraq_national_football_team","9 May 2025","2026-06-18T04:38:20.008Z","secondary_source_requires_federation_confirmation"
"Iraq","Goalkeeping Coach","Zeljko Kalac","Australia","https://en.wikipedia.org/wiki/Iraq_national_football_team","9 May 2025","2026-06-18T04:38:20.008Z","secondary_source_requires_federation_confirmation"
"Iraq","Interpreter","Ali Abbas","Iraq","https://en.wikipedia.org/wiki/Iraq_national_football_team","9 May 2025","2026-06-18T04:38:20.008Z","secondary_source_requires_federation_confirmation"
"Jordan","Technical director","Abdelhay Ben Soltane","Tunisia","https://en.wikipedia.org/wiki/Jordan_national_football_team","","2026-06-18T04:39:01.992Z","secondary_source_requires_federation_confirmation"
"Jordan","Head coach","Jamal Sellami","Morocco","https://en.wikipedia.org/wiki/Jordan_national_football_team","","2026-06-18T04:39:01.992Z","secondary_source_requires_federation_confirmation"
"Haiti","Assistant coach","David Baltase","","https://en.wikipedia.org/wiki/Haiti_national_football_team","2026","2026-06-18","secondary_source_requires_federation_confirmation"
"Haiti","Assistant coach","Frantz Joséphine","","https://en.wikipedia.org/wiki/Haiti_national_football_team","2026","2026-06-18","secondary_source_requires_federation_confirmation"
"United States","Assistant coach","Miguel D'Agostino","","https://en.wikipedia.org/wiki/United_States_men%27s_national_soccer_team","2026","2026-06-18","secondary_source_requires_federation_confirmation"
"United States","Assistant coach","Jesus Perez","","https://en.wikipedia.org/wiki/United_States_men%27s_national_soccer_team","2026","2026-06-18","secondary_source_requires_federation_confirmation"
"United States","Goalkeeping coach","Jack Robinson","","https://en.wikipedia.org/wiki/United_States_men%27s_national_soccer_team","2026","2026-06-18","secondary_source_requires_federation_confirmation"
"United States","Goalkeeping coach","Toni Jiménez","","https://en.wikipedia.org/wiki/United_States_men%27s_national_soccer_team","2026","2026-06-18","secondary_source_requires_federation_confirmation"
"United States","Technical coach","Gianni Vio","","https://en.wikipedia.org/wiki/United_States_men%27s_national_soccer_team","2026","2026-06-18","secondary_source_requires_federation_confirmation"
"Germany","Assistant coach","Mads Buttgereit","","https://en.wikipedia.org/wiki/Germany_national_football_team","August 2025","2026-06-18","secondary_source_requires_federation_confirmation"
"Germany","Assistant coach","Benjamin Glück","","https://en.wikipedia.org/wiki/Germany_national_football_team","August 2025","2026-06-18","secondary_source_requires_federation_confirmation"
"Germany","Goalkeeping coach","Michael Fuchs","","https://en.wikipedia.org/wiki/Germany_national_football_team","August 2025","2026-06-18","secondary_source_requires_federation_confirmation"
"Germany","Goalkeeping coach","Andreas Kronenberg","","https://en.wikipedia.org/wiki/Germany_national_football_team","August 2025","2026-06-18","secondary_source_requires_federation_confirmation"
"Sweden","Assistant coach","Björn Hamberg","","https://en.wikipedia.org/wiki/Sweden_men%27s_national_football_team","2026","2026-06-18","secondary_source_requires_federation_confirmation"
"Sweden","Assistant coach","Sebastian Larsson","","https://en.wikipedia.org/wiki/Sweden_men%27s_national_football_team","2026","2026-06-18","secondary_source_requires_federation_confirmation"
"Sweden","Goalkeeping coach","Maths Elfvendal","","https://en.wikipedia.org/wiki/Sweden_men%27s_national_football_team","2026","2026-06-18","secondary_source_requires_federation_confirmation"
"Sweden","Goalkeeping coach","Linus Kandolin","","https://en.wikipedia.org/wiki/Sweden_men%27s_national_football_team","2026","2026-06-18","secondary_source_requires_federation_confirmation"
"Sweden","Set-piece coach","Andreas Georgson","","https://en.wikipedia.org/wiki/Sweden_men%27s_national_football_team","2026","2026-06-18","secondary_source_requires_federation_confirmation"
"New Zealand","Assistant coach","Simon Elliott","","https://en.wikipedia.org/wiki/New_Zealand_men%27s_national_football_team","2026","2026-06-18","secondary_source_requires_federation_confirmation"
"New Zealand","Assistant coach","Glen Moss","","https://en.wikipedia.org/wiki/New_Zealand_men%27s_national_football_team","2026","2026-06-18","secondary_source_requires_federation_confirmation"
"New Zealand","Assistant coach","Tony Readings","","https://en.wikipedia.org/wiki/New_Zealand_men%27s_national_football_team","2026","2026-06-18","secondary_source_requires_federation_confirmation"
"New Zealand","Goalkeeping coach","Jonathan Gould","","https://en.wikipedia.org/wiki/New_Zealand_men%27s_national_football_team","2026","2026-06-18","secondary_source_requires_federation_confirmation"
"Uruguay","Assistant coach","Pablo Quiroga","","https://en.wikipedia.org/wiki/Uruguay_national_football_team","2026","2026-06-18","secondary_source_requires_federation_confirmation"
"Uruguay","Assistant coach","Diego Reyes","","https://en.wikipedia.org/wiki/Uruguay_national_football_team","2026","2026-06-18","secondary_source_requires_federation_confirmation"
"Uruguay","Assistant coach","Diego Bermúdez","","https://en.wikipedia.org/wiki/Uruguay_national_football_team","2026","2026-06-18","secondary_source_requires_federation_confirmation"
"Uruguay","Goalkeeping coach","Enzo Ferrari","","https://en.wikipedia.org/wiki/Uruguay_national_football_team","2026","2026-06-18","secondary_source_requires_federation_confirmation"
"Senegal","Assistant coach","Pape Ibrahim Ndiaye","","https://en.wikipedia.org/wiki/Senegal_national_football_team","2026","2026-06-18","secondary_source_requires_federation_confirmation"
"Senegal","Assistant coach","Alsény Thiam","","https://en.wikipedia.org/wiki/Senegal_national_football_team","2026","2026-06-18","secondary_source_requires_federation_confirmation"
"Senegal","Goalkeeping coach","Boubacarr Mbodj","","https://en.wikipedia.org/wiki/Senegal_national_football_team","2026","2026-06-18","secondary_source_requires_federation_confirmation"
"Argentina","Assistant coach","Pablo Aimar","","https://en.wikipedia.org/wiki/Argentina_national_football_team","2026","2026-06-18","secondary_source_requires_federation_confirmation"
"Argentina","Assistant coach","Walter Samuel","","https://en.wikipedia.org/wiki/Argentina_national_football_team","2026","2026-06-18","secondary_source_requires_federation_confirmation"
"Argentina","Assistant coach","Roberto Ayala","","https://en.wikipedia.org/wiki/Argentina_national_football_team","2026","2026-06-18","secondary_source_requires_federation_confirmation"
"Algeria","Assistant coach","Davide Morandi","","https://en.wikipedia.org/wiki/Algeria_national_football_team","2026","2026-06-18","secondary_source_requires_federation_confirmation"
"Algeria","Assistant coach","Nabil Neghiz","","https://en.wikipedia.org/wiki/Algeria_national_football_team","2026","2026-06-18","secondary_source_requires_federation_confirmation"
"Algeria","Goalkeeping coach","Merouane Messai","","https://en.wikipedia.org/wiki/Algeria_national_football_team","2026","2026-06-18","secondary_source_requires_federation_confirmation"
"Algeria","Goalkeeping coach","Nacereddine Berarma","","https://en.wikipedia.org/wiki/Algeria_national_football_team","2026","2026-06-18","secondary_source_requires_federation_confirmation"
"Jordan","Assistant coach","Mustapha Khalfi","","https://en.wikipedia.org/wiki/Jordan_national_football_team","2026","2026-06-18","secondary_source_requires_federation_confirmation"
"Jordan","Assistant coach","Omar Najhi","","https://en.wikipedia.org/wiki/Jordan_national_football_team","2026","2026-06-18","secondary_source_requires_federation_confirmation"
"Jordan","Goalkeeping coach","Ibrahim Ayed","","https://en.wikipedia.org/wiki/Jordan_national_football_team","2026","2026-06-18","secondary_source_requires_federation_confirmation"
"DR Congo","Assistant coach","Rafael Hamidi Cuadros","","https://en.wikipedia.org/wiki/DR_Congo_national_football_team","2026","2026-06-18","secondary_source_requires_federation_confirmation"
"DR Congo","Goalkeeping coach","Robert Kidiaba","","https://en.wikipedia.org/wiki/DR_Congo_national_football_team","2026","2026-06-18","secondary_source_requires_federation_confirmation"
"Croatia","Assistant coach","Vedran Ćorluka","","https://en.wikipedia.org/wiki/Croatia_national_football_team","2026","2026-06-18","secondary_source_requires_federation_confirmation"
"Croatia","Goalkeeping coach","Marjan Mrmić","","https://en.wikipedia.org/wiki/Croatia_national_football_team","2026","2026-06-18","secondary_source_requires_federation_confirmation"
"Croatia","Goalkeeping coach","Danijel Subašić","","https://en.wikipedia.org/wiki/Croatia_national_football_team","2026","2026-06-18","secondary_source_requires_federation_confirmation"
"Ghana","Assistant coach","Roger De Sá","","https://en.wikipedia.org/wiki/Ghana_national_football_team","2026","2026-06-18","secondary_source_requires_federation_confirmation"
"Ghana","Assistant coach","John Paintsil","","https://en.wikipedia.org/wiki/Ghana_national_football_team","2026","2026-06-18","secondary_source_requires_federation_confirmation"
"Ghana","Goalkeeping coach","Daniel Gaspar","","https://en.wikipedia.org/wiki/Ghana_national_football_team","2026","2026-06-18","secondary_source_requires_federation_confirmation"
"Ghana","Assistant goalkeeping coach","Fatau Dauda","","https://en.wikipedia.org/wiki/Ghana_national_football_team","2026","2026-06-18","secondary_source_requires_federation_confirmation"
